Metric,Value
Accuracy,0.8063241106719368
F1 Score,0.7873429204392691
Precision,0.7802247469823996
Recall,0.8063241106719368
ROC AUC,0.6755202080832333
Avg Confidence,0.9370839595794678
