Metric,Value
Accuracy,0.7628458498023716
F1 Score,0.7456211187361507
Precision,0.7337629350294451
Recall,0.7628458498023716
ROC AUC,0.6484093637454982
Avg Confidence,0.9194929599761963
